time_yr,rfr_mean,rfr_p5,rfr_p50,rfr_p95,eq_mean,eq_p5,eq_p95,disc_mean
0.0,0.03258532,0.03258532,0.03258532,0.03258532,1.0,1.0,1.0,1.0
0.083333,0.03185747247,0.027149622499999998,0.031857474999999996,0.03656531749999999,1.00277878952,0.9107655455,1.100282966,0.99728824
0.166667,0.03203633631,0.0256223985,0.032036335,0.038450272,1.00565517748,0.8732959925,1.1497614994999998,0.99464418798
0.25,0.0322072225,0.0240070865,0.032207219999999995,0.040407362999999995,1.00878814443,0.840900154,1.19645407,0.99199243729
0.333333,0.03237012246,0.023296248000000002,0.03237012,0.041444002,1.01148067359,0.824807437,1.2222821495,0.9893338066
0.416667,0.0325250285,0.022379843000000003,0.032525029999999996,0.042670216999999996,1.01440212188,0.8049058689999999,1.2550884275,0.98666908833
0.5,0.03267193149,0.021528165000000002,0.03267193,0.043815694999999995,1.01714121254,0.793056048,1.2765047974999997,0.98399909421
0.583333,0.03281082381,0.0206587145,0.032810825,0.044962935499999995,1.01964392765,0.781662252,1.2978487695,0.9813245942700001
0.666667,0.032941696980000004,0.020085555499999998,0.032941700000000004,0.045797844,1.02264412911,0.770140303,1.320081238,0.97864639303
0.75,0.03306454349,0.019477974500000002,0.03306454,0.0466511155,1.02521554972,0.7569790599999999,1.3459356124999995,0.9759652519
0.833333,0.033179355,0.0191943955,0.033179354999999994,0.0471643145,1.0287683803,0.744703392,1.371101409,0.97328189005
0.916667,0.03328612393,0.018612521,0.033286125,0.047959728999999986,1.03208495499,0.724213922,1.412992936,0.97059710129
1.0,0.03338484239,0.018119615500000002,0.03338484,0.048650074499999994,1.03458215913,0.721699816,1.4210584670000002,0.96791150317
1.083333,0.03347550247,0.016798244,0.033475505,0.0501527655,1.03782630103,0.7084483055,1.4508725599999999,0.96522594716
1.166667,0.03355809719,0.0162472375,0.033558094999999996,0.050868962,1.0401627861,0.6951949845000001,1.4818565085,0.96254125889
1.25,0.0336326183,0.015438153999999999,0.03363262,0.051827085999999994,1.04316506078,0.6935159620000001,1.4888059504999998,0.95985816419
1.333333,0.033699058729999995,0.0149559185,0.03369906,0.052442200999999994,1.0457921688199998,0.68791669,1.5043367065,0.95717746389
1.416667,0.033757410780000004,0.014423533499999999,0.033757415,0.053091295999999996,1.04883072428,0.6835919779999999,1.5173141479999999,0.95449979007
1.5,0.03380766724,0.0135157545,0.033807665,0.0540995755,1.05148900646,0.6778014095,1.5337904589999998,0.9518257142200001
1.583333,0.033849821429999996,0.014466714,0.033849825,0.05323293599999999,1.05427900286,0.666981967,1.5622611,0.9491560650699999
1.666667,0.03388386538,0.013516643,0.033883865,0.054251086999999996,1.05738525194,0.6717296765,1.5548062244999996,0.94649145629
1.75,0.03390979247,0.012091536500000001,0.033909789999999995,0.055728044,1.0615917294900001,0.6454407934999999,1.6218800349999998,0.94383266949
1.833333,0.03392759528,0.012565155,0.033927595000000005,0.055290034999999994,1.06503572321,0.645051197,1.626626255,0.9411805746899999
1.916667,0.033937267210000004,0.011196121500000001,0.033937265,0.0566784085,1.06744192864,0.651904289,1.6132680884999997,0.9385355236699999
2.0,0.03393880095,0.010671537,0.0339388,0.0572060725,1.0696088798799999,0.6502800625,1.6210611679999993,0.93589854079
2.083333,0.03393935747,0.010043209,0.03393936,0.05783550149999999,1.07329486251,0.6344553765000001,1.6653556679999997,0.93326993521
2.166667,0.033946097700000004,0.0094855925,0.033946095,0.058406597499999977,1.0759778148099999,0.6292535865000001,1.683026897,0.93065003229
2.25,0.03395901491,0.008722178,0.033959014999999995,0.05919585199999999,1.07959456535,0.6205073475,1.7107213595000001,0.92803836482
2.333333,0.033978102419999996,0.009457764,0.033978105,0.0584984365,1.08176475828,0.609215347,1.7464886435,0.92543451894
2.416667,0.03400335364,0.008590099,0.03400335,0.059416611,1.08432735057,0.6205412035,1.7186119229999999,0.92283786909
2.5,0.03403476183,0.008486381500000001,0.03403476,0.0595831385,1.08667296908,0.6080968545000001,1.757879931,0.9202477735700001
2.583333,0.03407232129,0.008117607,0.03407232,0.060027032999999994,1.09020254622,0.6024348805,1.7785591239999996,0.91766384909
2.666667,0.03411602497,0.0078551985,0.034116025,0.060376851499999995,1.09354325295,0.602851372,1.7815038804999996,0.9150855051800001
2.75,0.034165866710000006,0.0076915970000000005,0.03416587,0.0606401425,1.09645201945,0.5961979135,1.8056438794999987,0.9125124839000001
2.833333,0.03422184045,0.007400470500000001,0.034221845,0.06104320949999998,1.10048190338,0.585113979,1.8441862024999993,0.909944133
2.916667,0.03428393989,0.0083248595,0.03428394,0.06024302049999998,1.10264881438,0.590040145,1.8331273449999992,0.90738033383
3.0,0.0343521588,0.0074597330000000005,0.03435216000000001,0.06124458699999999,1.1057625042399999,0.5807409965,1.8669147739999998,0.90482010738
3.083333,0.03442282097,0.0069956405,0.034422825000000004,0.06185,1.10886344276,0.585210374,1.8570947479999997,0.90226333702
3.166667,0.034492249790000006,0.007238164500000001,0.03449225,0.0617463355,1.11089421427,0.583164998,1.8680943759999997,0.89970983879
3.25,0.034560439559999996,0.007261265000000001,0.03456044,0.06185961499999998,1.11259480588,0.579349084,1.884943384,0.89715973029
3.333333,0.03462738435,0.006611855000000001,0.03462738,0.06264291500000001,1.11629089397,0.5806916325,1.8851550899999998,0.8946131021899999
3.416667,0.034693078300000006,0.006430898,0.034693075000000004,0.062955262,1.11941830246,0.5865666025,1.8708290479999998,0.89207059549
3.5,0.03475751556,0.0071978910000000005,0.03475752,0.062317138999999994,1.12192042715,0.582195684,1.8894956724999998,0.88953218301
3.583333,0.03482069065,0.006000248,0.03482069,0.06364113199999999,1.1262085010799998,0.5763516665,1.9133681584999989,0.88699784105
3.666667,0.03488259762,0.006628477500000002,0.0348826,0.06313672199999996,1.13065574076,0.5724769175000001,1.9310693384999997,0.88446767329
3.75,0.03494323102,0.006796842500000001,0.03494323,0.063089618,1.13413524027,0.5787294590000001,1.9149499559999998,0.88194175997
3.833333,0.03500258567,0.0061976105000000024,0.035002585,0.06380755949999997,1.1380087597700002,0.569048439,1.9523853015,0.87941957772
3.916667,0.03506065547,0.0057919425,0.035060655,0.06432937749999999,1.14203163665,0.567229509,1.9635534709999996,0.87690254588
4.0,0.035117435630000006,0.0065901595000000006,0.03511744,0.0636447105,1.146577686,0.5623064105000001,1.9857264079999992,0.87439061927
4.083333,0.035174184080000004,0.006417238500000001,0.03517418,0.06393113149999999,1.14893896075,0.54950646,2.0370990105,0.87188281986
4.166667,0.03523215985,0.0057252595000000005,0.03523216,0.0647390605,1.15236279289,0.5435650905,2.064580601,0.86937847418
4.25,0.03529135744,0.005243022,0.03529136,0.06533969799999999,1.15507922036,0.5425124195000001,2.0738444199999995,0.86687845331
4.333333,0.03535177185,0.0056931465,0.03535177,0.0650103935,1.1578389887,0.5475089625,2.060174933499999,0.86438307345
4.416667,0.03541339777,0.005519884000000001,0.035413395,0.06530690599999998,1.1633448256599999,0.530863326,2.1302071389999995,0.8618921054500001
4.5,0.03547622997,0.005808149,0.03547623,0.065144311,1.1662233020500001,0.5315538355,2.132916600999999,0.8594048858800001
4.583333,0.035540263690000004,0.006025104000000001,0.03554026,0.06505542549999999,1.16761486137,0.518492064,2.1922879425,0.8569220612599999
4.666667,0.03560549388,0.0056271735,0.035605495,0.06558381649999999,1.1707149264499999,0.5241275485,2.174345197499999,0.85444411528
4.75,0.03567191555,0.003983605,0.035671915,0.0673602345,1.17391559835,0.524032989,2.1803968649999996,0.8519704232399999
4.833333,0.035739523599999996,0.004392646500000001,0.03573952,0.06708640349999999,1.1787320971900002,0.515494918,2.2223072595,0.84950178247
4.916667,0.03580831355,0.0038152025000000008,0.035808315,0.06780141799999999,1.18172748915,0.5184870880000001,2.215289458499999,0.84703762916
5.0,0.035878280480000004,0.0047730645,0.035878284999999996,0.0669834955,1.18438920491,0.5166715625,2.228945105999999,0.84457796233
5.083333,0.03594856904,0.0049034155,0.035948565,0.06699372399999999,1.19009323049,0.5240426815,2.203408122,0.84212145599
5.166667,0.03601832418,0.0047999705,0.036018325000000004,0.0672366795,1.19284879553,0.525012389,2.2051927409999994,0.8396684911900001
5.25,0.03608754075,0.004791712000000001,0.03608754,0.067383368,1.19670065899,0.514743979,2.2551938569999996,0.8372194993000001
5.333333,0.03615621469,0.004653180000000001,0.036156215000000005,0.06765924999999999,1.19872459697,0.5223620999999999,2.2282736974999997,0.8347741791
5.416667,0.036224341099999995,0.0040319485,0.036224345000000005,0.0684167315,1.2022864881,0.5181852640000001,2.252321311499998,0.83233285829
5.5,0.03629191572,0.003118258,0.036291914999999994,0.0694655815,1.20561770064,0.5092117825,2.2981876959999994,0.82989627136
5.583333,0.03635893405,0.002724332,0.036358935,0.069993538,1.20889709477,0.5024228475,2.3355810364999994,0.82746487904
5.666667,0.03642539162,0.0030543085000000005,0.03642539,0.0697964715,1.21136862872,0.507659851,2.3178023829999987,0.82503746807
5.75,0.03649128392,0.0025513955000000007,0.036491285,0.07043117449999999,1.21558932416,0.502874763,2.3462594694999996,0.82261548655
5.833333,0.036556607139999996,0.0024300675000000003,0.03655661,0.07068315199999999,1.21924810874,0.5006014335,2.363400064,0.820198003
5.916667,0.036621356370000004,0.002289064000000001,0.03662136,0.0709536465,1.22134607837,0.4917118985,2.412776514,0.81778530298
6.0,0.036685527729999994,0.0027497265000000007,0.036685525,0.070621333,1.22440671677,0.4989791855,2.3842317674999998,0.81537823415
6.083333,0.03674911704,0.0019174480000000004,0.036749119999999996,0.071580782,1.22907563169,0.4796043185,2.4874565059999996,0.8129757841199999
6.166667,0.036812120079999996,0.00231924,0.036812120000000004,0.07130500000000001,1.23322239176,0.4906123845,2.4384702629999984,0.8105794627499999
6.25,0.03687453276,0.0024483240000000013,0.03687453,0.07130073649999998,1.2365987241299998,0.4768320195,2.515952485,0.80818629827
6.333333,0.036936351129999996,0.001840534,0.03693635,0.072032166,1.2399486521599998,0.481181317,2.500232955,0.80579788907
6.416667,0.03699757095,0.0020892300000000014,0.03699757,0.07190590999999999,1.2399179169599999,0.47851299199999997,2.521281744,0.80341428541
6.5,0.03705818873,0.0023335410000000006,0.03705819,0.07178283899999999,1.24203025583,0.488745495,2.4754993709999997,0.8010353758500001
6.583333,0.03711819999,0.002649706,0.037118200000000004,0.07158669399999999,1.2465576431699998,0.485974235,2.496707495999999,0.7986615304
6.666667,0.03717760119,0.0014208695000000001,0.037177600000000005,0.07293433049999999,1.2506242719899998,0.49077372399999997,2.4793511765,0.7962939327799999
6.75,0.03723638846,0.002310098,0.03723639,0.07216268199999999,1.25494888021,0.49985913750000005,2.4413318359999976,0.7939324815500001
6.833333,0.037294557570000005,0.001925358500000001,0.037294555,0.07266375149999998,1.2584322275100002,0.484655486,2.525091049,0.7915764718
6.916667,0.037352105350000005,0.0012453550000000016,0.037352105,0.07345885499999998,1.26438809562,0.4826361765,2.542975162,0.789225977
7.0,0.037409027879999994,0.0012057550000000006,0.03740903,0.07361230449999999,1.26714792906,0.4834010725,2.5463046775000002,0.78687913092
7.083333,0.03746575574,0.0018075360000000041,0.037465755,0.07312397399999992,1.27624874234,0.4733130425,2.6081325134999997,0.7845376025099999
7.166667,0.0375227199,0.0008808960000000008,0.037522719999999996,0.07416454399999999,1.28026158921,0.4613746065,2.6834345894999987,0.7822019318400001
7.25,0.037579916590000005,-0.00042552399999999944,0.037579915,0.0755853545,1.2859994142600002,0.4635405065,2.678693272,0.77987180837
7.333333,0.03763734265,-0.0010892404999999984,0.037637345,0.07636392049999997,1.2902621133499999,0.45699293950000003,2.725054681999999,0.77754791551
7.416667,0.03769499377,-0.0018407974999999997,0.037694995,0.0772307875,1.2926896086900002,0.45738263900000004,2.730749261999999,0.7752307162700001
7.5,0.03775286706,-0.0013534284999999996,0.037752865,0.07685916849999999,1.29621294134,0.45188786,2.7721076249999994,0.7729205606
7.583333,0.03781095913,-0.0006075429999999992,0.037810955,0.07622946299999998,1.29679689067,0.4583268755,2.7412619099999995,0.77061555728
7.666667,0.0378692661,-0.0005961654999999989,0.037869265,0.07633469549999998,1.30084907718,0.4629554165,2.721925545999999,0.76831417088
7.75,0.037927785,-0.0009837724999999997,0.037927785,0.07683934249999999,1.30347266981,0.47298703550000004,2.6723097114999956,0.76601646587
7.833333,0.03798651233,-0.0009617225,0.037986515,0.076934752,1.3070713845400002,0.46889525350000005,2.7035429199999985,0.76372413222
7.916667,0.03804544474,-0.0011259259999999997,0.038045445,0.077216816,1.30967564444,0.4548569065,2.7953398674999987,0.7614369274099999
8.0,0.03810457911,-0.0012776344999999997,0.03810458,0.0774867945,1.3125717702500002,0.470328968,2.7115167455,0.75915550099
8.083333,0.038163912099999996,-0.000925271,0.038163915,0.0772531005,1.3188391690099999,0.4585415165,2.789632626499999,0.75687946434
8.166667,0.038223440420000004,-0.00021520449999999844,0.03822344,0.07666208499999998,1.3219218748000001,0.453119281,2.831570905499999,0.75460793067
8.25,0.038283161319999995,-0.00012936899999999943,0.03828316,0.076695689,1.32701544812,0.4535806225,2.837289842,0.75234278839
8.333333,0.03834307115,-0.0004929784999999987,0.03834307,0.07717911849999998,1.3296244012,0.45751310650000004,2.821535285999998,0.75008224127
8.416667,0.03840316694,-0.00012542399999999958,0.038403165,0.076931764,1.33271319837,0.45358327200000004,2.8546458085,0.74782644173
8.5,0.03846344596,-0.0004295064999999987,0.038463445,0.07735640599999999,1.33873035916,0.450434732,2.8834305045,0.74557667296
8.583333,0.038523904649999996,-0.001067362999999999,0.038523905,0.078115173,1.3409725396799999,0.447182063,2.9133947654999974,0.7433319602599999
8.666667,0.03858454039,-0.0009847664999999997,0.038584545,0.0781538465,1.3446803035200001,0.44868038200000004,2.912610633999999,0.74109255935
8.75,0.03864535025,0.0005025970000000007,0.03864535,0.07678811249999999,1.35386080474,0.4440010965,2.9524471714999985,0.73885658681
8.833333,0.03870633112,0.000799730000000001,0.03870633,0.07661292999999998,1.35814029521,0.438887616,2.9961448259999983,0.7366269091100001
8.916667,0.03876748017,-0.0008873499999999996,0.03876748,0.07842231,1.3577442417299999,0.4450563765000001,2.963883230999997,0.73440063141
9.0,0.038828794449999995,0.000532452,0.038828795,0.07712513800000001,1.36351023346,0.451308604,2.9319205889999997,0.73217964263
9.083333,0.03889027109,0.0003962605000000012,0.038890270000000005,0.07738428949999998,1.36279831267,0.44665096499999996,2.9718059629999996,0.7299642630800001
9.166667,0.038951908,0.0004784920000000001,0.03895191,0.077425318,1.36869833076,0.427326317,3.115998413499999,0.72775384853
9.25,0.03901370121,-0.00034423049999999996,0.0390137,0.078371631,1.3748224806799998,0.4323524795,3.089520445999999,0.7255490178699999
9.333333,0.039075648639999995,0.0005150500000000001,0.03907565,0.07763625,1.38278863969,0.44129173850000003,3.0365361589999993,0.72334898794
9.416667,0.03913774746,-0.0006448999999999991,0.039137745,0.07892039049999998,1.3867143844899998,0.42924206400000003,3.1317172479999997,0.7211532167300001
9.5,0.03919999541,-0.0007533764999999991,0.039199995,0.07915336649999999,1.39132785845,0.435016249,3.100030811499999,0.7189658299699999
9.583333,0.039262389439999996,-0.0007169444999999997,0.03926239,0.0792417245,1.39563529326,0.425668151,3.1782655939999986,0.71678362785
9.666667,0.03932492658,-0.0005816959999999993,0.039324925,0.0792315465,1.3986769291299999,0.43428458950000004,3.125278600499997,0.71460758133
9.75,0.03938760486,-0.0012435459999999995,0.039387605000000006,0.080018756,1.4000996044399998,0.43216791000000004,3.1506639999999986,0.71243821285
9.833333,0.03945042144,-0.0007822759999999985,0.03945042,0.07968311599999997,1.40382930964,0.425141256,3.2130900194999996,0.71027394361
9.916667,0.0395133737,-0.001640162499999999,0.03951337,0.08066691249999998,1.4099220949800002,0.4231893255,3.238391745,0.7081156183099999
10.0,0.03957645961,-0.001821587,0.03957646,0.08097450699999999,1.41701372442,0.4213593755,3.263058970999999,0.70596091641
10.083333,0.039639595,-0.0007817404999999994,0.039639595,0.0800609305,1.42368130342,0.41737138100000004,3.3050343799999977,0.70381193113
10.166667,0.03970269672,-0.0016137855,0.039702694999999996,0.081019185,1.42682533919,0.42644438500000004,3.24528297,0.7016684428600001
10.25,0.03976576246,-0.0011385009999999999,0.039765764999999995,0.0806700215,1.4311900684899999,0.421069933,3.2975166069999995,0.6995299729
10.333333,0.039828789659999995,-0.0016551504999999997,0.03982879,0.0813127305,1.4312036178999998,0.4238498075,3.286703360999999,0.69739676459
10.416667,0.039891775760000005,-0.002309506,0.03989178,0.082093056,1.43565868895,0.42338822550000005,3.301405605499994,0.6952697621
10.5,0.03995471892,-0.002647322499999998,0.03995472,0.08255676249999998,1.43724304489,0.41272992950000004,3.397778307499996,0.69314725906
10.583333,0.04001761628,-0.0036057119999999996,0.040017615,0.083640942,1.44245708232,0.4089282105,3.440685541999999,0.69103025396
10.666667,0.04008046595,-0.0026525899999999994,0.040080464999999996,0.08281351999999999,1.44859362048,0.4055770155,3.4807021244999996,0.68891967017
10.75,0.040143265569999996,-0.0029577649999999994,0.040143265,0.083244295,1.4547536050399998,0.4083627035,3.4685594679999987,0.68681530606
10.833333,0.04020601269,-0.0026068934999999996,0.04020601,0.0830189235,1.45821788003,0.414406055,3.4294666434999987,0.68471576423
10.916667,0.040268705689999996,-0.0030576419999999984,0.040268705,0.08359505199999998,1.4675696956300002,0.41013330750000004,3.476879620499999,0.68262230512
11.0,0.04033134179,-0.003736371499999999,0.04033134,0.08439905199999999,1.46789147673,0.4197022615,3.4091027659999997,0.68053467267
11.083333,0.04039391877,-0.0033277384999999995,0.04039392,0.0841155785,1.46940998206,0.4175033205,3.4386898025000003,0.6784513412100001
11.166667,0.04045643504,-0.004849283999999999,0.040456435,0.08576215399999998,1.4765052593499999,0.41590946100000004,3.4636229404999996,0.6763726542299999
11.25,0.040518888079999996,-0.0041906155,0.04051889,0.0852283955,1.48025122429,0.403937557,3.5784549795,0.6742993465
11.333333,0.04058127608,-0.0044266915,0.040581275,0.0855892415,1.4857644434700001,0.4138077065,3.5050811699999986,0.67223100356
11.416667,0.040643596510000005,-0.0053294765,0.040643595000000005,0.08661667599999999,1.4978738875900002,0.3912414725,3.719973489,0.6701673359
11.5,0.04070584814,-0.005982103999999999,0.040705845000000004,0.08739380399999999,1.5015605128,0.401061181,3.6414091339999985,0.66810800284
11.583333,0.04076802794,-0.0051656279999999985,0.040768025,0.08670167849999998,1.50564645565,0.3935156475,3.7240515719999996,0.6660541288099999
11.666667,0.040830134819999996,-0.005396237999999999,0.040830135000000004,0.087056508,1.50473982129,0.408253441,3.6020610119999996,0.6640069963199999
11.75,0.04089216613,-0.006116568499999999,0.040892164999999994,0.08790089849999998,1.5143849133,0.40130625799999997,3.677166476499999,0.66196206458
11.833333,0.04095412074,-0.005140431,0.040954125,0.0870486715,1.51648467656,0.39972196849999997,3.704617153499999,0.6599193551
11.916667,0.04101599577,-0.0066847035,0.041015995,0.0887166935,1.52358697485,0.3858518575,3.8512099624999996,0.6578814948199999
12.0,0.04107779025,-0.0041341454999999985,0.04107779,0.08628972549999998,1.52591976771,0.390851908,3.815344749999997,0.6558512697700001
12.083333,0.04113950156,-0.0038877889999999987,0.041139505,0.08616678949999998,1.5315781498799999,0.390132669,3.835774121499999,0.65382498275
12.166667,0.041201128079999996,-0.003297545999999999,0.04120113,0.08569980599999998,1.5371114708,0.4035945495,3.7209896789999966,0.65180396316
12.25,0.041262668249999995,-0.0031118104999999997,0.04126267,0.0856371405,1.54010716262,0.404778244,3.7232017739999974,0.6497893873199999
12.333333,0.04132411998,-0.004176985499999999,0.041324120000000006,0.08682522549999998,1.55221136654,0.393335313,3.845085991999999,0.64777934803
12.416667,0.041385481769999996,-0.002767838999999999,0.04138548,0.0855388085,1.5583413853499999,0.39830081700000003,3.810753923999996,0.64577466401
12.5,0.04144675122,-0.002967492999999999,0.041446750000000004,0.08586099299999998,1.56446813434,0.3947730725,3.858459392999998,0.64377431342
12.583333,0.04150792743,-0.0016622694999999979,0.041507925,0.08467811999999997,1.57479081285,0.3895757355,3.9239291284999984,0.64177967775
12.666667,0.04156900803,-0.002594885,0.041569005,0.085732895,1.57622656032,0.3925018695,3.9086694339999983,0.63979125574
12.75,0.041629991410000004,-0.0032824879999999996,0.04162999,0.08654246799999998,1.5867578533400002,0.38250711,4.025252576999998,0.63780940329
12.833333,0.04169087629,-0.003362730499999999,0.041690875,0.08674448049999998,1.59442156621,0.3813498955,4.052046479499998,0.63583554346
12.916667,0.04175166076,-0.003407733999999999,0.041751659999999996,0.08691105399999999,1.59874896457,0.38353198250000003,4.043606648999997,0.63386732263
13.0,0.04181234314999999,-0.003033955,0.041812345,0.086658645,1.61019364682,0.371348848,4.191394068499998,0.63190585475
13.083333,0.041872921779999996,-0.0022819569999999985,0.04187292,0.08602779749999998,1.61600638634,0.382001571,4.0893478734999995,0.6299481574500001
13.166667,0.04193339525,-0.0028285949999999963,0.041933395,0.08669538499999994,1.62253313613,0.374068756,4.191319718999999,0.62799582719
13.25,0.04199376191,-0.0040989715,0.041993760000000005,0.08808649149999999,1.62236243053,0.387645391,4.059339058,0.62605021414
13.333333,0.042054020000000004,-0.0027280919999999958,0.04205402,0.08683613199999993,1.62968366381,0.374374166,4.218785482999995,0.6241088276100001
13.416667,0.042114167960000004,-0.003282613499999999,0.04211417,0.08751095349999999,1.63375273047,0.38085264750000003,4.162188725999999,0.6221730050700001
13.5,0.04217420492,-0.0035740434999999996,0.042174205,0.0879224535,1.6461049752199999,0.38192493850000003,4.165829555499999,0.62024084756
13.583333,0.04223412888,-0.0033066915,0.042234129999999995,0.08777495149999999,1.65318739132,0.38494310950000005,4.1486099804999945,0.61831042244
13.666667,0.042293937999999996,-0.003969953999999999,0.042293935000000005,0.0885578335,1.6522586074799999,0.39228659499999996,4.0859186434999994,0.6163866311299999
13.75,0.04235363143,-0.003864499,0.04235363,0.088571759,1.6604211903200001,0.37925775500000003,4.242105219999996,0.61446698528
13.833333,0.04241320743,-0.0038312434999999995,0.042413204999999995,0.08865765349999999,1.6636171604999999,0.38695245100000003,4.173183115499999,0.61255320658
13.916667,0.04247266468,-0.0034162439999999997,0.042472665,0.088361574,1.67234436152,0.3888007665,4.168903591499999,0.61064600384
14.0,0.04253200169,-0.0021066584999999975,0.042532005,0.08717065849999996,1.67836741128,0.381949167,4.259609778999999,0.6087462645299999
14.083333,0.04259121683,-0.002767787999999999,0.042591215,0.08795021799999998,1.68148878521,0.37980194500000003,4.299793065999999,0.60685314124
14.166667,0.0426503095,-0.003086395,0.04265031,0.088387015,1.69180649307,0.38278747,4.282365092499998,0.60496429649
14.25,0.042709277309999995,-0.004229859999999998,0.04270928,0.08964841049999998,1.6958549190399999,0.38946990200000003,4.224950282999995,0.6030791999299999
14.333333,0.04276811992,-0.0032862729999999967,0.04276812,0.08882251299999995,1.69798084366,0.380947306,4.335699627499999,0.6011977971700001
14.416667,0.04282683524,-0.0048496815,0.042826835,0.090503352,1.70623367452,0.373023545,4.4446261755,0.5993218103100001
14.5,0.04288542229,-0.0044595929999999995,0.04288542,0.09023044300000001,1.7084702642499998,0.376986312,4.414669630499999,0.59745084359
14.583333,0.042943879830000004,-0.003616153499999998,0.042943880000000004,0.08950391349999998,1.71623815954,0.367705779,4.543413959999997,0.59558261867
14.666667,0.04300220642,-0.0029719799999999986,0.043002205,0.08897639949999998,1.72541391702,0.3647984755,4.597145576499999,0.59371796698
14.75,0.04306040091,-0.0036376065,0.0430604,0.089758416,1.73322919408,0.3604951905,4.669884226,0.59186015651
14.833333,0.043118462100000005,-0.0031555755,0.04311846,0.0893924955,1.73763372787,0.360464981,4.688308869999997,0.5900079229
14.916667,0.04317638867,-0.0030108704999999994,0.043176389999999995,0.08936365049999999,1.7358502573,0.3651144805,4.64642677,0.58816020597
15.0,0.04323417923,-0.0040678764999999995,0.04323418,0.09053623649999999,1.74190552207,0.360872552,4.719367460499995,0.58631738386
15.083333,0.0432919471,-0.0044683069999999995,0.043291945,0.09105219699999999,1.74867733761,0.3543310355,4.825065394999997,0.58447873904
15.166667,0.043349805240000004,-0.0043163815,0.043349805,0.0910159915,1.75681629862,0.3650973975,4.700943645499999,0.58264285587
15.25,0.04340775264,-0.0032666904999999985,0.043407755,0.09008219049999996,1.7605345225200002,0.348895999,4.938414377,0.5808130053
15.333333,0.04346578764,-0.0033449674999999996,0.04346579,0.09027653799999999,1.7638657079300002,0.34960659850000003,4.947644681999999,0.57898663671
15.416667,0.04352390934,-0.0025883614999999997,0.04352391,0.089636181,1.77034825217,0.35169368,4.9375530979999995,0.57716520315
15.5,0.04358211677,-0.0017538739999999997,0.043582115000000005,0.08891811349999999,1.78320082762,0.353741768,4.928277805499997,0.57534851524
15.583333,0.04364040902,-0.0012593184999999992,0.043640410000000004,0.08854013849999999,1.79167568859,0.3677534925,4.759147778999999,0.5735347291399999
15.666667,0.04369878479,-0.0007984559999999997,0.043698785000000004,0.088196026,1.79930271709,0.3681833945,4.7723993869999966,0.5717267028799999
15.75,0.04375724286,-0.0016443579999999996,0.04375724,0.08915884799999999,1.80760322763,0.369189492,4.77861579149999,0.5699237629199999
15.833333,0.04381578204,-0.0011508744999999996,0.04381578,0.0887824345,1.8204412754,0.359389373,4.9279703429999975,0.56812575366
15.916667,0.04387440161,-0.0021804974999999976,0.0438744,0.08992929799999996,1.8247820826499999,0.36036446250000004,4.934204837499998,0.56633058589
16.0,0.043933100600000004,-0.002618549499999997,0.0439331,0.09048474949999995,1.8299309970500002,0.358430139,4.9805748465,0.56454249715
16.083333,0.04399187804,-0.002782569,0.04399188,0.09076632899999999,1.83152305042,0.3594237535,4.986687982999998,0.5627573985100001
16.166667,0.04405073259,-0.0022348704999999996,0.044050735,0.09033633099999999,1.8411442223199999,0.3548808765,5.070728973,0.56097714682
16.25,0.044109663310000005,-0.0025272564999999987,0.044109665000000006,0.09074658599999998,1.84086176304,0.37297317750000003,4.8441346045,0.55920208349
16.333333,0.044168669370000004,-0.0013842739999999996,0.04416867,0.08972161399999999,1.8479788532800001,0.3639568805,4.9841263325,0.55743306355
16.416667,0.04422774983,-0.0017700374999999986,0.044227749999999996,0.09022553749999998,1.85186856758,0.3640880205,5.0024550954999984,0.55566840318
16.5,0.04428690372,-0.0008230024999999993,0.044286905,0.08939680249999998,1.8532378768000002,0.3687470645,4.959239118999998,0.55390983204
16.583333,0.044346129990000004,-0.0011953685,0.04434613,0.0898876285,1.8710549938399998,0.3670873885,5.001852733499999,0.55215389484
16.666667,0.04440542808,-0.0016542024999999995,0.044405429999999996,0.09046505299999999,1.87460777985,0.350579836,5.2586609965,0.5504005464099999
16.75,0.04446479643,-0.0015692054999999986,0.0444648,0.09049879599999998,1.8790011579399999,0.3561029995,5.198203889499999,0.54865393795
16.833333,0.0445242347,-0.0016557615,0.044524234999999995,0.0907042315,1.88496125357,0.35282819000000004,5.267894555499998,0.54691605169
16.916667,0.04458374182,-0.002230742999999998,0.044583745,0.09139822299999996,1.89349401464,0.34187494,5.4589272795,0.54517997139
17.0,0.04464331695,-0.002400915499999999,0.04464332,0.09168755499999999,1.89738985116,0.351178054,5.336192442999996,0.54344903071
17.083333,0.0447029594,-0.0022408949999999997,0.04470296,0.0916468055,1.89811617817,0.35161508,5.351436433999999,0.54172379456
17.166667,0.04476266799,-0.003062068499999999,0.044762665,0.09258740799999998,1.90130735997,0.357160169,5.290093884999999,0.54000324185
17.25,0.04482244213,-0.0024782144999999983,0.04482244,0.09212310449999998,1.90832909791,0.35358285100000003,5.366041611999991,0.5382876103700001
17.333333,0.04488228076,-0.0023041064999999986,0.04488228,0.09206866699999998,1.91658733263,0.34553690699999995,5.513413449,0.5365785760999999
17.416667,0.044942183399999995,-0.004586594499999999,0.044942184999999996,0.094470955,1.92731150252,0.3383094185,5.654625962499997,0.53487582651
17.5,0.04500214914,-0.0024249899999999997,0.045002150000000005,0.0924292805,1.93210511002,0.34539708799999996,5.561676893999997,0.53317640622
17.583333,0.04506217697999999,-0.0017679259999999982,0.045062174999999996,0.09189227599999997,1.93999432504,0.3495400875,5.518666425499999,0.5314805889599999
17.666667,0.04512226633,-0.0017763304999999995,0.045122265,0.0920208705,1.94569633273,0.34219161600000003,5.660773094,0.52978932393
17.75,0.04518241662,-0.0022700124999999994,0.045182415000000004,0.09263484299999998,1.950227034,0.3499780895,5.558078257999997,0.52810317215
17.833333,0.04524262694,-0.0009291694999999997,0.04524263,0.09141442899999999,1.95610238355,0.35316423399999997,5.531123282499996,0.52642241302
17.916667,0.04530289645,0.00020372700000000077,0.0453029,0.09040206299999999,1.9574364342,0.3583785765,5.473596455999998,0.52474351674
18.0,0.04536322425,-0.00019141949999999943,0.045363225,0.09091786949999998,1.96945589136,0.35091835450000003,5.613768630999992,0.5230674706
18.083333,0.045423609999999996,-0.0002813339999999989,0.04542361,0.09112855399999999,1.97720059501,0.345634936,5.723529148999998,0.52139460978
18.166667,0.04548405285,-0.0001906399999999999,0.045484054999999995,0.09115875000000001,1.98173358564,0.34841601699999997,5.701965885499998,0.5197249002900001
18.25,0.04554455235,-0.0007293559999999985,0.045544555,0.09181846549999997,1.9953704031800001,0.3441682395,5.796909317499997,0.51805822035
18.333333,0.04560510739,-0.0007460729999999995,0.04560511,0.09195629249999998,2.01033819547,0.34032720050000004,5.887322825,0.5163935586699999
18.416667,0.04566571748,7.823050000000154e-05,0.045665715,0.09125319949999998,2.02058177827,0.3383253525,5.947533350999996,0.51473440496
18.5,0.045726381840000004,-0.001727389499999999,0.045726385,0.09318014999999998,2.02836240941,0.346386797,5.833983142999998,0.51307919743
18.583333,0.04578710002,-0.0016326814999999988,0.0457871,0.09320688149999998,2.04105088925,0.3528482115,5.751754209999999,0.51143004186
18.666667,0.04584787135,-0.0017262969999999995,0.04584787,0.09342204649999998,2.05530022835,0.351731395,5.794871391499998,0.50978454495
18.75,0.045908695199999995,-0.0008630924999999982,0.045908695,0.09268048249999998,2.06650137782,0.3458768575,5.918397664999999,0.50814468013
18.833333,0.045969570849999995,-0.001209558999999999,0.04596957,0.09314869949999999,2.07607949307,0.34857944750000003,5.898006180499995,0.50650439661
18.916667,0.046030497770000005,-0.001202069499999999,0.046030495000000005,0.09326306899999999,2.0854338940900004,0.3441636075,5.999634904999994,0.50486941791
19.0,0.046091475269999994,-0.0007914674999999981,0.046091475,0.09297441749999998,2.0899806534099996,0.33057515400000004,6.273279228499999,0.50323682871
19.083333,0.046152502910000004,-0.0008134114999999996,0.046152504999999996,0.09311842099999999,2.10151987316,0.3295646115,6.319934374999999,0.5016091709
19.166667,0.04621357995,-0.0010938879999999997,0.046213580000000004,0.093521048,2.1093049074700003,0.336996711,6.207566912999998,0.49998662446000003
19.25,0.046274705730000004,0.00015980800000000024,0.046274705,0.09238960249999999,2.12364231019,0.33383940650000005,6.293724349999997,0.49836741593
19.333333,0.0463358802,0.0006332675000000007,0.046335879999999996,0.09203849249999999,2.1313141934999997,0.3333566495,6.330498867999998,0.49674956128000003
19.416667,0.04639710224,7.21750000000143e-06,0.0463971,0.09278699249999998,2.14057010961,0.32602833649999996,6.501243906499999,0.49513706960000003
19.5,0.04645837158,-0.00042127299999999957,0.04645837,0.09333802249999999,2.13986619668,0.325223023,6.546077535499999,0.49353007374999996
19.583333,0.04651968766,-0.0009865749999999997,0.04651969,0.0940259455,2.14833091582,0.33630068150000003,6.358445761999998,0.49193048153
19.666667,0.04658104974,-0.001093456499999999,0.046581045,0.09425555649999999,2.1613402650399998,0.327297206,6.5622987619999975,0.49033400688
19.75,0.04664245766,-0.0012831889999999997,0.046642455,0.094568109,2.17329751411,0.3346116845,6.4474061604999955,0.48874055129
19.833333,0.046703910630000005,9.370500000001018e-06,0.04670391,0.09339844949999998,2.19334959762,0.3304234715,6.558121334999998,0.48715197094
19.916667,0.04676540814,-0.0009041474999999996,0.04676541,0.0944349675,2.2057933977500004,0.33752489950000003,6.448831502999996,0.48556694056
20.0,0.04682695005,-0.00036968549999999965,0.046826950000000006,0.09402358549999999,2.21838646204,0.337061304,6.486507083499999,0.48398361614999996
20.083333,0.04688846527,-0.0007609799999999989,0.046888465000000004,0.09453790999999998,2.2236962420200004,0.334142696,6.572487979999998,0.48240241766
20.166667,0.04694988329,-0.0008422824999999984,0.046949885,0.09474204299999997,2.24124567157,0.322836772,6.833208232999999,0.48082330482999996
20.25,0.04701120367,-0.0005263274999999993,0.0470112,0.0945487375,2.2518361805200002,0.3244682315,6.8294560945,0.47924664901
20.333333,0.04707242572,-4.349199999999951e-05,0.047072425,0.094188342,2.2609517988900003,0.338243416,6.580884533499999,0.47767254979
20.416667,0.047133549420000004,-0.0005267704999999999,0.047133549999999996,0.09479387,2.27081138522,0.339324926,6.589572619999999,0.47609923527000003
20.5,0.04719457414,0.0006367160000000001,0.047194575,0.093752434,2.27396599398,0.33073058850000003,6.791458680499998,0.47452983567
20.583333,0.04725549924,0.0005984665000000006,0.047255500000000006,0.09391253349999999,2.2818973611,0.3305740235,6.825548949999998,0.47296544060999995
20.666667,0.04731632438,0.00019415300000000032,0.047316325,0.0944384875,2.29308938385,0.3200789255,7.081432849,0.47140818744
20.75,0.04737704936,0.0006890695000000001,0.047377050000000004,0.0940650305,2.29430991958,0.331145676,6.876069665999996,0.46985854277
20.833333,0.047437673429999994,-3.797499999999953e-05,0.04743767,0.094913315,2.30593874699,0.34005198600000003,6.726560581499998,0.46831285017
20.916667,0.04749819674,-0.0005105529999999988,0.047498200000000004,0.09550694299999997,2.31758046265,0.33194280750000005,6.922453904499998,0.46677023861
21.0,0.04755861815,-0.0002377619999999997,0.047558615,0.09535500200000001,2.33629093654,0.3267294815,7.065265086499996,0.46523084198
21.083333,0.04761893784,-0.0011414389999999995,0.04761894,0.096379309,2.3502916259899997,0.3228566905,7.1828768935,0.46369577227000003
21.166667,0.04767915522,-0.0011516709999999973,0.047679155,0.09650998099999995,2.36236701004,0.32971503150000003,7.065926061999998,0.46216409935
21.25,0.04773926991,-0.0012568599999999992,0.04773927,0.09673539999999999,2.3630033305900002,0.3326072895,7.0370546134999925,0.46063682639000003
21.333333,0.04779928166,-0.0018867374999999992,0.04779928,0.09748529799999998,2.3819534302500003,0.3295293365,7.135540898499997,0.45911415615
21.416667,0.04785919005,-0.0008657299999999993,0.047859189999999996,0.09658410999999999,2.40053284781,0.32348183199999997,7.302659147499999,0.4575976214
21.5,0.0479189947,-0.0014204319999999997,0.047918995,0.097258422,2.39730400646,0.321328159,7.385819564499999,0.45608435874000003
21.583333,0.04797869526,-0.0019240849999999992,0.047978695,0.09788147499999998,2.40521474701,0.31601406800000004,7.545177415499993,0.45457603685
21.666667,0.04803829145,-0.0020051914999999997,0.04803829,0.0980817715,2.41263776133,0.316637483,7.565394871499999,0.45307368747
21.75,0.04809778301,-0.002430819,0.04809778,0.098626389,2.42986783828,0.31423541950000006,7.658959919499996,0.45157540439
21.833333,0.04815716947,-0.0035058224999999998,0.04815717,0.0998201625,2.4474943441300003,0.31083737100000003,7.7789930435,0.45008012162
21.916667,0.04821645061,-0.002861854499999999,0.04821645,0.09929475499999998,2.45517988565,0.3145804725,7.7226061104999975,0.44859076816
22.0,0.0482756262,-0.0029923399999999987,0.048275625,0.09954359949999998,2.46033694873,0.32422064300000003,7.5282916559999995,0.44710666486
22.083333,0.048334695590000004,-0.0023510499999999978,0.048334695,0.09902043999999996,2.46876157166,0.31992668900000004,7.665372113,0.44562713266
22.166667,0.048393659,-0.0026461935,0.04839366,0.09943351349999999,2.48514931858,0.3113644915,7.9134448175,0.44415321948
22.25,0.04845251564,-0.0025864804999999997,0.048452515,0.09949151049999999,2.4861828867,0.31510032600000004,7.8567161274999995,0.44268275318
22.333333,0.04851126551,-0.0029349339999999993,0.048511265,0.09995746399999998,2.49376263242,0.3179555025,7.8231738305,0.44121815415
22.416667,0.04856990841,-0.0017430764999999996,0.048569909999999994,0.098882887,2.5169251026699997,0.3143123105,7.951613312499996,0.43975841292
22.5,0.048628443769999995,-0.00015929249999999766,0.048628445,0.09741617249999997,2.53062842357,0.311805712,8.053741057999998,0.43829944805000004
22.583333,0.04868687166,-0.0006048209999999984,0.04868687,0.09797857099999997,2.54806169119,0.31291354250000003,8.063663829999996,0.4368453763
22.666667,0.048745191470000004,-0.0004273344999999986,0.04874519,0.09791772399999998,2.5675408699499997,0.304155302,8.335567160499998,0.43539650193
22.75,0.04880340328,0.0001310495000000001,0.0488034,0.0974757605,2.5772991084599997,0.307350379,8.288535463499997,0.43395324602
22.833333,0.04886150668,0.0006211340000000002,0.04886151,0.097101876,2.58851814264,0.3094506185,8.271877917499998,0.43251721589
22.916667,0.04891950166,-0.00017432599999999825,0.0489195,0.09801333549999998,2.60638222074,0.31717055400000005,8.109504115999995,0.43108690837
23.0,0.04897738751,0.0004704240000000018,0.048977385,0.09748435549999997,2.61874396403,0.320134568,8.073185464,0.42966228599
23.083333,0.04903516441,0.0007477435000000015,0.049035165,0.09732258649999997,2.61904463631,0.3154608945,8.232484495999996,0.42823970163
23.166667,0.049092832,0.0006200630000000009,0.049092830000000004,0.09756559699999999,2.63312665099,0.315414144,8.273990391499987,0.42681804454
23.25,0.04915039009,0.0007971750000000002,0.04915039,0.097503605,2.639919013,0.321807118,8.148726692999995,0.42540194544000004
23.333333,0.049207838350000005,0.0016789205000000014,0.04920784,0.09673674999999997,2.64311346188,0.318664911,8.269103379499999,0.42398961047
23.416667,0.04926517706,0.0011565000000000006,0.049265175,0.09737385949999998,2.6443670315600003,0.3123623775,8.477112475499998,0.42257787931
23.5,0.049322405289999996,0.0017272020000000002,0.049322405,0.096917608,2.66414233644,0.3039692,8.753770488,0.42117191956
23.583333,0.04937952318,0.00039547200000000034,0.049379525,0.09836356849999998,2.66957764157,0.3124630355,8.557542559499998,0.41976715185
23.666667,0.049436531049999996,0.00029202700000000064,0.04943653,0.09858103349999998,2.6934296770699997,0.312552194,8.597400975999989,0.41836661511
23.75,0.04949342772,0.00022847600000000027,0.04949343,0.09875838399999999,2.69932794076,0.3142506095,8.592718438999997,0.41696809809
23.833333,0.04955021361,-0.0008004069999999985,0.04955021,0.09990083699999998,2.71381967351,0.30544669399999996,8.883907171999999,0.41557376974
23.916667,0.04960688879,-0.0021445564999999986,0.04960689,0.10135833649999998,2.72503396422,0.30555995900000005,8.924454657,0.41418326122000004
24.0,0.04966345238,-0.0017933654999999994,0.04966345,0.10112027499999998,2.73918641973,0.303867474,9.018572142999997,0.41279982847
24.083333,0.04971990488,-0.0016528789999999995,0.049719905,0.101092689,2.74442357515,0.3054277865,9.017834750999981,0.41141883009999997
24.166667,0.049776245760000004,-0.0016217729999999993,0.049776245,0.101174263,2.73849815132,0.305822771,9.050121307999994,0.4100426753
24.25,0.04983247513,-0.000828334,0.049832475,0.100493284,2.74037945076,0.29725104500000005,9.357317304999999,0.40867098611
24.333333,0.04988859272,0.0002668015,0.04988859,0.09951038849999999,2.74315115955,0.29532030049999997,9.465441950499999,0.40730094404
24.416667,0.04994459818,0.0006168795000000006,0.0499446,0.099272311,2.75877454374,0.301143847,9.328776831999996,0.40593371392
24.5,0.05000049155,0.0005492450000000004,0.050000489999999995,0.099451745,2.76311855585,0.29684976350000003,9.511232873999992,0.40457064573999996
24.583333,0.05005627246,-0.00043743699999999983,0.050056275,0.1005499775,2.76777380622,0.2921234835,9.713383630999997,0.40321129201
24.666667,0.05011194162,-0.0002707969999999997,0.05011194,0.10049467699999999,2.76537277863,0.289088744,9.8646305605,0.40185650302
24.75,0.05016749821,-0.0009274814999999997,0.050167500000000004,0.1012624815,2.77324184663,0.3001234385,9.549778401499996,0.40050922359999996
24.833333,0.05022294184,-0.0003451464999999994,0.05022294,0.10079102649999999,2.78911168628,0.305231778,9.4372498115,0.39916387928
24.916667,0.05027827309,-0.0004660054999999996,0.050278275,0.1010225555,2.79697429147,0.304945913,9.493822654999997,0.39782241498000004
25.0,0.05033349133,-0.0013369114999999998,0.05033349,0.102003892,2.8081242955500003,0.3003797425,9.686934526999996,0.39648508385000003
25.083333,0.05038859669,-0.0003909714999999988,0.050388595,0.10116816149999998,2.81711224245,0.30266171000000003,9.662567831,0.39515226582
25.166667,0.0504435889,-4.604449999999869e-05,0.050443589999999996,0.10093322399999997,2.82065783017,0.29835808100000005,9.851720207499998,0.39382051011999997
25.25,0.050498468260000005,3.284750000000041e-05,0.050498470000000004,0.10096408299999998,2.8290476046,0.31071765650000005,9.507967935499998,0.39249365498
25.333333,0.05055323462,0.00036340800000000327,0.050553235,0.10074306199999995,2.84099372405,0.31613628050000003,9.392722110999992,0.3911742834
25.416667,0.05060788736,8.567350000000054e-05,0.05060789,0.10113009649999999,2.86727548423,0.307095467,9.718494715999999,0.38986015992
25.5,0.05066242664,0.0003612020000000004,0.050662425,0.1009636575,2.8847935328600003,0.30684205200000003,9.7762634055,0.38855074192
25.583333,0.05071685269,-0.0007196799999999995,0.05071685,0.10215338949999998,2.89633087563,0.31253073600000003,9.647549874499996,0.38724526429
25.666667,0.05077116524,-0.00013553449999999413,0.050771165,0.10167786449999991,2.9162240743799996,0.3112845915,9.735841828999998,0.38594485802
25.75,0.050825364139999996,0.0008292605000000001,0.050825365,0.100821469,2.92405169273,0.321726785,9.468303353999996,0.38464753838
25.833333,0.050879449460000004,0.001374355500000002,0.05087945,0.10038454449999996,2.94556479786,0.32104788050000005,9.537202132499996,0.38335219374
25.916667,0.050933420830000006,0.0023001545000000015,0.05093342,0.09956668549999997,2.9603963488300002,0.3194656825,9.633886598999995,0.3820601909
26.0,0.05098727883,0.0011328525000000003,0.050987279999999996,0.10084170699999999,2.9706331792699996,0.31123963050000003,9.939590441999998,0.38076765008
26.083333,0.051041022400000004,0.0005062045000000014,0.051041020000000006,0.10157583599999997,2.98054427761,0.32037967300000003,9.706121855999994,0.37947647801
26.166667,0.05109465238,0.0009813140000000014,0.05109465,0.10120798649999999,3.0045411463300002,0.3269224995,9.561118320999999,0.37818816515
26.25,0.051148168480000006,0.0014881855000000014,0.05114817,0.10080815399999997,3.01691457644,0.33096034750000003,9.493634635999992,0.37690240157
26.333333,0.0512015709,0.0020013765000000024,0.05120157,0.10040176399999996,3.0322487800799998,0.335976466,9.400630921499992,0.3756183672
26.416667,0.051254858810000005,0.0019513410000000014,0.051254855,0.10055837849999998,3.03729801391,0.3295120375,9.634864942999998,0.3743391127
26.5,0.05130803277,0.0028906220000000002,0.051308030000000004,0.0997254385,3.04575970942,0.3187313855,10.012787155499996,0.37306466673
26.583333,0.05136109312,0.0015520125000000001,0.051361094999999996,0.101170177,3.0690733094600002,0.324022336,9.900813240499998,0.37179351019
26.666667,0.05141403879,0.002023828500000002,0.05141404,0.10080424199999997,3.08372790593,0.320039576,10.076540051,0.37052569214
26.75,0.05146687053,0.0032063750000000005,0.05146687,0.099727365,3.09299074297,0.3210692915,10.097039482499993,0.36926127811
26.833333,0.05151958814,0.0018458425,0.051519590000000004,0.10119333750000001,3.1040251151100002,0.320232743,10.176648957999994,0.36799818979000004
26.916667,0.05157219154,0.0036088665000000024,0.051572190000000004,0.09953551399999995,3.11376810955,0.3097944265,10.574860296499999,0.36674144042
27.0,0.051624680580000006,0.003677844,0.051624680000000006,0.0995715165,3.1291613494,0.3260619335,10.10115615599998,0.36548938392
27.083333,0.05167705541,0.003592489500000001,0.051677055,0.09976162099999998,3.14500861114,0.316351832,10.465418830999992,0.36424131986999997
27.166667,0.05172931639,0.0040392295000000016,0.051729319999999995,0.09941940099999999,3.16755144274,0.311253804,10.69302884,0.36299774888
27.25,0.05178146273,0.0031756145000000004,0.051781465,0.100387306,3.18038914781,0.3140006935,10.655736527499995,0.36175720258
27.333333,0.051833495130000004,0.003612633500000001,0.051833495,0.10005435649999998,3.1963364057200003,0.3147567485,10.6865449925,0.36052412819
27.416667,0.0518854131,0.003570644000000001,0.05188541,0.10020017649999997,3.22143776414,0.30066581750000004,11.247170848999987,0.35929341603
27.5,0.05193721705,0.0034614250000000006,0.051937215,0.10041300499999999,3.23703572781,0.312144337,10.89121127699999,0.35806579361
27.583333,0.05198890675,0.004441314500000001,0.05198891,0.099536505,3.2402401429900003,0.31694104650000005,10.783473456999996,0.35684298461999997
27.666667,0.05204048203,0.0037607060000000004,0.05204048,0.10032026349999999,3.24002133198,0.307264507,11.182532395999997,0.35561980659
27.75,0.05209194333,0.004254571,0.052091945,0.09992930949999998,3.26812804826,0.3069285905,11.254784588499993,0.35440244983999997
27.833333,0.052143290550000006,0.0030357885000000004,0.05214329,0.10125079149999999,3.28702599526,0.3054287285,11.370708195999994,0.3531891877
27.916667,0.052194523369999996,0.003752615000000001,0.052194525000000005,0.10063643499999998,3.30631413092,0.3050409725,11.446242255999996,0.35197963724
28.0,0.05224564189,0.0029653120000000003,0.052245645,0.101525968,3.29626381774,0.30189462699999997,11.627744971999999,0.35077780531999997
28.083333,0.05229664685,0.0032459960000000014,0.052296645,0.10134730399999997,3.31411462246,0.294802193,11.97190367199999,0.34957883315
28.166667,0.05234753749,0.0041129090000000005,0.05234754,0.10058216099999999,3.34843154081,0.2824990125,12.560471392999997,0.34838433166
28.25,0.052398313950000004,0.0030889630000000006,0.052398315,0.10170766699999999,3.36842610281,0.28731333800000003,12.416773742499997,0.34719333738
28.333333,0.05244897638,0.0027054914999999997,0.052448975,0.1021924585,3.38841445178,0.29261015,12.257998393,0.34600503168
28.416667,0.05249952488,0.002292861,0.052499525000000005,0.10270618899999999,3.40162128404,0.2978326255,12.108389930999996,0.34482036936
28.5,0.0525499595,0.0024305145,0.05254996,0.102669405,3.4000769850299997,0.301792963,12.0143636525,0.34364192154
28.583333,0.052600280150000005,0.0037244065000000006,0.05260028,0.10147615349999999,3.4386871454900003,0.291880452,12.490011966499994,0.34246458903
28.666667,0.052650487079999995,0.004913944,0.052650485,0.10038703549999999,3.44322129901,0.2921927515,12.54473364199999,0.34128925706
28.75,0.052700580000000004,0.0040421995,0.05270058,0.10135896049999998,3.4502330664,0.29759098,12.384284628499994,0.34011338163
28.833333,0.0527505592,0.0043514595,0.05275056,0.1011496605,3.4609702842,0.30322467200000003,12.220567295999999,0.33893816615
28.916667,0.05280042479,0.0053023695,0.052800425,0.1002984805,3.46378166662,0.31217029100000004,11.935371813999996,0.33776180274
29.0,0.0528501765,0.004157919,0.052850175,0.101542441,3.48779893372,0.31245400850000005,11.989939562499993,0.33659118585
29.083333,0.05289981476,0.003818188500000001,0.052899815,0.10198144149999998,3.4992116843,0.307052001,12.267793705,0.33542276777
29.166667,0.0529493396,0.004299448,0.05294934,0.10159923199999998,3.53109106872,0.30473937450000005,12.428878099499997,0.3342598376
29.25,0.05299875076,0.0045326095000000005,0.05299875,0.10146489049999999,3.55237819141,0.3097929625,12.293461976499996,0.33310106142
29.333333,0.05304804857,0.004759267000000002,0.05304805,0.10133683299999996,3.57606796205,0.304478105,12.577037817999996,0.33194755081
29.416667,0.053097233009999995,0.00481535,0.053097235,0.10137911999999999,3.5925743872899996,0.305270256,12.613689278499995,0.33079847767000004
29.5,0.05314630418,0.005202799500000001,0.053146305000000005,0.10108980099999999,3.62282564157,0.3181351425,12.170620212999994,0.32965054627
29.583333,0.05319526199,0.0050840250000000016,0.053195265000000005,0.10130649549999998,3.6422405843699996,0.30913714800000003,12.594165639499998,0.32850215448
29.666667,0.05324410683,0.004340801000000002,0.05324411,0.10214741849999998,3.65611735254,0.306949652,12.754348279999993,0.32735892658
29.75,0.05329283854,0.0037162010000000006,0.05329284,0.10286946899999999,3.6745332328,0.315789898,12.466635968499984,0.32621674961
29.833333,0.05334145714,0.003457548,0.053341454999999996,0.1032253715,3.67700592582,0.3190633355,12.406880246999997,0.32508034314
29.916667,0.0533899631,0.004414429500000001,0.05338996,0.10236549099999999,3.6755442292200002,0.32160503300000004,12.37754525949999,0.3239462904
30.0,0.05343835611,0.004435434000000002,0.053438355,0.10244127649999997,3.69526105286,0.3207563625,12.479432388999996,0.32281808448
